"Source:","C:\Users\User\OneDrive - Arizona State University\Documents\KiCad\Subsystemschematic\Subsystemschematic.kicad_sch"
"Date:","2025-10-31T22:14:31-0700"
"Tool:","Eeschema 9.0.5"
"Generator:","C:\Program Files\KiCad\9.0\bin\scripting\plugins/bom_csv_grouped_by_value.py"
"Component Count:","35"

"Collated Components:"

"Item","Qty","Reference(s)","Value","LibPart","Footprint","Datasheet","DNP","Datasheet","Description","Footprint","Sim.Pins"
"1","1","BT1","9V","Device:Battery_Cell","","~","","~","Single-cell battery","",""
"2","2","C1, C2",".1uF 50V","Device:C_US","","","","","capacitor, US symbol","",""
"3","1","D1","Green LED","Device:LED","","~","","~","Light emitting diode","","1=K 2=A"
"4","1","D2","Red LED","Device:LED","","~","","~","Light emitting diode","","1=K 2=A"
"5","1","D3","Debug LED 1","Device:LED","","~","","~","Light emitting diode","","1=K 2=A"
"6","1","D4","Debug LED 2","Device:LED","","~","","~","Light emitting diode","","1=K 2=A"
"7","1","D5","Debug LED 4","Device:LED","","~","","~","Light emitting diode","","1=K 2=A"
"8","1","D6","Debug LED 3","Device:LED","","~","","~","Light emitting diode","","1=K 2=A"
"9","1","F1","3.5A","Device:Fuse","","~","","~","Fuse","",""
"10","2","J1, J2","Conn_01x08_JAA","Voltage regulator symbol:Conn_01x08_JAA","","","","","","",""
"11","1","R1","10K 1/4W","Device:R_US","","~","","~","Resistor, US symbol","",""
"12","2","R2, R4","220 1/4W","Device:R_US","","~","","~","Resistor, US symbol","",""
"13","2","R5, R6","5K 1/4W","Device:R_US","","~","","~","Resistor, US symbol","",""
"14","1","R7","15K 1/4W","Device:R_US","","~","","~","Resistor, US symbol","",""
"15","1","SW1","Debug","Switch:SW_Push","","~","","~","Push button switch, generic, two pins","",""
"16","12","TP1, TP2, TP3, TP4, TP5, TP6, TP7, TP8, TP9, TP10, TP11, TP12","TestPoint","Connector:TestPoint","","~","","~","test point","",""
"17","1","U1","PIC18F57Q10_JAA","Voltage regulator symbol:PIC18F57Q10","","","","","","",""
"18","1","U2","ENV-30-PH_JAA","Voltage regulator symbol:ENV-30-PH_JAA","","","","","","",""
"19","1","U3","LM1084IT-5.0/NOPB_JAA","Voltage regulator symbol:LM1084IT-5.0/NOPB_JAA","","","","","","",""
"20","1","U4","MCP601-I/P_JAA","Voltage regulator symbol:MCP601-I/P_JAA","","","","","","",""
