<?xml version="1.0" encoding="UTF-8"?>
<export version="E">
  <design>
    <source>C:\Users\User\OneDrive - Arizona State University\Documents\KiCad\Subsystemschematic\Subsystemschematic.kicad_sch</source>
    <date>2025-10-31T22:14:31-0700</date>
    <tool>Eeschema 9.0.5</tool>
    <sheet number="1" name="/" tstamps="/">
      <title_block>
        <title>pH Sensor Subsystem</title>
        <company>Team 210</company>
        <rev>1</rev>
        <date>2025-10-26</date>
        <source>Subsystemschematic.kicad_sch</source>
        <comment number="1" value=""/>
        <comment number="2" value=""/>
        <comment number="3" value=""/>
        <comment number="4" value=""/>
        <comment number="5" value=""/>
        <comment number="6" value=""/>
        <comment number="7" value=""/>
        <comment number="8" value=""/>
        <comment number="9" value=""/>
      </title_block>
    </sheet>
  </design>
  <components>
    <comp ref="BT1">
      <value>9V</value>
      <datasheet>~</datasheet>
      <description>Single-cell battery</description>
      <fields>
        <field name="Footprint"/>
        <field name="Datasheet">~</field>
        <field name="Description">Single-cell battery</field>
      </fields>
      <libsource lib="Device" part="Battery_Cell" description="Single-cell battery"/>
      <property name="Sheetname" value="Root"/>
      <property name="Sheetfile" value="Subsystemschematic.kicad_sch"/>
      <property name="ki_keywords" value="battery cell"/>
      <sheetpath names="/" tstamps="/"/>
      <tstamps>c8b233f7-1990-4cb3-8aa8-eaf55d58d492</tstamps>
    </comp>
    <comp ref="C1">
      <value>.1uF 50V</value>
      <description>capacitor, US symbol</description>
      <fields>
        <field name="Footprint"/>
        <field name="Datasheet"/>
        <field name="Description">capacitor, US symbol</field>
      </fields>
      <libsource lib="Device" part="C_US" description="capacitor, US symbol"/>
      <property name="Sheetname" value="Root"/>
      <property name="Sheetfile" value="Subsystemschematic.kicad_sch"/>
      <property name="ki_keywords" value="cap capacitor"/>
      <property name="ki_fp_filters" value="C_*"/>
      <sheetpath names="/" tstamps="/"/>
      <tstamps>926f592a-b7ce-4d86-a483-0f5c03ba9cce</tstamps>
    </comp>
    <comp ref="C2">
      <value>.1uF 50V</value>
      <description>capacitor, US symbol</description>
      <fields>
        <field name="Footprint"/>
        <field name="Datasheet"/>
        <field name="Description">capacitor, US symbol</field>
      </fields>
      <libsource lib="Device" part="C_US" description="capacitor, US symbol"/>
      <property name="Sheetname" value="Root"/>
      <property name="Sheetfile" value="Subsystemschematic.kicad_sch"/>
      <property name="ki_keywords" value="cap capacitor"/>
      <property name="ki_fp_filters" value="C_*"/>
      <sheetpath names="/" tstamps="/"/>
      <tstamps>668d5332-2596-4506-a03e-9c50963aecaa</tstamps>
    </comp>
    <comp ref="D1">
      <value>Green LED</value>
      <datasheet>~</datasheet>
      <description>Light emitting diode</description>
      <fields>
        <field name="Sim.Pins">1=K 2=A</field>
        <field name="Footprint"/>
        <field name="Datasheet">~</field>
        <field name="Description">Light emitting diode</field>
      </fields>
      <libsource lib="Device" part="LED" description="Light emitting diode"/>
      <property name="Sim.Pins" value="1=K 2=A"/>
      <property name="Sheetname" value="Root"/>
      <property name="Sheetfile" value="Subsystemschematic.kicad_sch"/>
      <property name="ki_keywords" value="LED diode"/>
      <property name="ki_fp_filters" value="LED* LED_SMD:* LED_THT:*"/>
      <sheetpath names="/" tstamps="/"/>
      <tstamps>d6649fcd-d7c7-47fd-9131-b613e4e77ac5</tstamps>
    </comp>
    <comp ref="D2">
      <value>Red LED</value>
      <datasheet>~</datasheet>
      <description>Light emitting diode</description>
      <fields>
        <field name="Sim.Pins">1=K 2=A</field>
        <field name="Footprint"/>
        <field name="Datasheet">~</field>
        <field name="Description">Light emitting diode</field>
      </fields>
      <libsource lib="Device" part="LED" description="Light emitting diode"/>
      <property name="Sim.Pins" value="1=K 2=A"/>
      <property name="Sheetname" value="Root"/>
      <property name="Sheetfile" value="Subsystemschematic.kicad_sch"/>
      <property name="ki_keywords" value="LED diode"/>
      <property name="ki_fp_filters" value="LED* LED_SMD:* LED_THT:*"/>
      <sheetpath names="/" tstamps="/"/>
      <tstamps>36a713ad-6796-4db5-8b0d-fb177344ed46</tstamps>
    </comp>
    <comp ref="D3">
      <value>Debug LED 1</value>
      <datasheet>~</datasheet>
      <description>Light emitting diode</description>
      <fields>
        <field name="Sim.Pins">1=K 2=A</field>
        <field name="Footprint"/>
        <field name="Datasheet">~</field>
        <field name="Description">Light emitting diode</field>
      </fields>
      <libsource lib="Device" part="LED" description="Light emitting diode"/>
      <property name="Sim.Pins" value="1=K 2=A"/>
      <property name="Sheetname" value="Root"/>
      <property name="Sheetfile" value="Subsystemschematic.kicad_sch"/>
      <property name="ki_keywords" value="LED diode"/>
      <property name="ki_fp_filters" value="LED* LED_SMD:* LED_THT:*"/>
      <sheetpath names="/" tstamps="/"/>
      <tstamps>e17fe096-ac90-49a4-ae18-65da1941b362</tstamps>
    </comp>
    <comp ref="D4">
      <value>Debug LED 2</value>
      <datasheet>~</datasheet>
      <description>Light emitting diode</description>
      <fields>
        <field name="Sim.Pins">1=K 2=A</field>
        <field name="Footprint"/>
        <field name="Datasheet">~</field>
        <field name="Description">Light emitting diode</field>
      </fields>
      <libsource lib="Device" part="LED" description="Light emitting diode"/>
      <property name="Sim.Pins" value="1=K 2=A"/>
      <property name="Sheetname" value="Root"/>
      <property name="Sheetfile" value="Subsystemschematic.kicad_sch"/>
      <property name="ki_keywords" value="LED diode"/>
      <property name="ki_fp_filters" value="LED* LED_SMD:* LED_THT:*"/>
      <sheetpath names="/" tstamps="/"/>
      <tstamps>09a60313-9d99-4821-a329-a7cdb2cd09e2</tstamps>
    </comp>
    <comp ref="D5">
      <value>Debug LED 4</value>
      <datasheet>~</datasheet>
      <description>Light emitting diode</description>
      <fields>
        <field name="Sim.Pins">1=K 2=A</field>
        <field name="Footprint"/>
        <field name="Datasheet">~</field>
        <field name="Description">Light emitting diode</field>
      </fields>
      <libsource lib="Device" part="LED" description="Light emitting diode"/>
      <property name="Sim.Pins" value="1=K 2=A"/>
      <property name="Sheetname" value="Root"/>
      <property name="Sheetfile" value="Subsystemschematic.kicad_sch"/>
      <property name="ki_keywords" value="LED diode"/>
      <property name="ki_fp_filters" value="LED* LED_SMD:* LED_THT:*"/>
      <sheetpath names="/" tstamps="/"/>
      <tstamps>e38339f9-74e8-4745-8036-048767187c6c</tstamps>
    </comp>
    <comp ref="D6">
      <value>Debug LED 3</value>
      <datasheet>~</datasheet>
      <description>Light emitting diode</description>
      <fields>
        <field name="Sim.Pins">1=K 2=A</field>
        <field name="Footprint"/>
        <field name="Datasheet">~</field>
        <field name="Description">Light emitting diode</field>
      </fields>
      <libsource lib="Device" part="LED" description="Light emitting diode"/>
      <property name="Sim.Pins" value="1=K 2=A"/>
      <property name="Sheetname" value="Root"/>
      <property name="Sheetfile" value="Subsystemschematic.kicad_sch"/>
      <property name="ki_keywords" value="LED diode"/>
      <property name="ki_fp_filters" value="LED* LED_SMD:* LED_THT:*"/>
      <sheetpath names="/" tstamps="/"/>
      <tstamps>e0385bb0-ce44-483e-a77e-b6f193f83452</tstamps>
    </comp>
    <comp ref="F1">
      <value>3.5A</value>
      <datasheet>~</datasheet>
      <description>Fuse</description>
      <fields>
        <field name="Footprint"/>
        <field name="Datasheet">~</field>
        <field name="Description">Fuse</field>
      </fields>
      <libsource lib="Device" part="Fuse" description="Fuse"/>
      <property name="Sheetname" value="Root"/>
      <property name="Sheetfile" value="Subsystemschematic.kicad_sch"/>
      <property name="ki_keywords" value="fuse"/>
      <property name="ki_fp_filters" value="*Fuse*"/>
      <sheetpath names="/" tstamps="/"/>
      <tstamps>c7034893-12b3-489c-bd19-d3803cba297d</tstamps>
    </comp>
    <comp ref="J1">
      <value>Conn_01x08_JAA</value>
      <fields>
        <field name="Footprint"/>
        <field name="Datasheet"/>
        <field name="Description"/>
      </fields>
      <libsource lib="Voltage regulator symbol" part="Conn_01x08_JAA" description=""/>
      <property name="Sheetname" value="Root"/>
      <property name="Sheetfile" value="Subsystemschematic.kicad_sch"/>
      <sheetpath names="/" tstamps="/"/>
      <tstamps>f009b197-573b-4f77-bb8f-cafe80afe76d</tstamps>
    </comp>
    <comp ref="J2">
      <value>Conn_01x08_JAA</value>
      <fields>
        <field name="Footprint"/>
        <field name="Datasheet"/>
        <field name="Description"/>
      </fields>
      <libsource lib="Voltage regulator symbol" part="Conn_01x08_JAA" description=""/>
      <property name="Sheetname" value="Root"/>
      <property name="Sheetfile" value="Subsystemschematic.kicad_sch"/>
      <sheetpath names="/" tstamps="/"/>
      <tstamps>df4832e0-a705-4076-8a49-486881ec6ffb</tstamps>
    </comp>
    <comp ref="R1">
      <value>10K 1/4W</value>
      <datasheet>~</datasheet>
      <description>Resistor, US symbol</description>
      <fields>
        <field name="Footprint"/>
        <field name="Datasheet">~</field>
        <field name="Description">Resistor, US symbol</field>
      </fields>
      <libsource lib="Device" part="R_US" description="Resistor, US symbol"/>
      <property name="Sheetname" value="Root"/>
      <property name="Sheetfile" value="Subsystemschematic.kicad_sch"/>
      <property name="ki_keywords" value="R res resistor"/>
      <property name="ki_fp_filters" value="R_*"/>
      <sheetpath names="/" tstamps="/"/>
      <tstamps>b174c7e2-63ac-4ef6-82be-7599ad2ce7e8</tstamps>
    </comp>
    <comp ref="R2">
      <value>220 1/4W</value>
      <datasheet>~</datasheet>
      <description>Resistor, US symbol</description>
      <fields>
        <field name="Footprint"/>
        <field name="Datasheet">~</field>
        <field name="Description">Resistor, US symbol</field>
      </fields>
      <libsource lib="Device" part="R_US" description="Resistor, US symbol"/>
      <property name="Sheetname" value="Root"/>
      <property name="Sheetfile" value="Subsystemschematic.kicad_sch"/>
      <property name="ki_keywords" value="R res resistor"/>
      <property name="ki_fp_filters" value="R_*"/>
      <sheetpath names="/" tstamps="/"/>
      <tstamps>f15dbe81-f264-4d38-a02f-81f8a25558e1</tstamps>
    </comp>
    <comp ref="R4">
      <value>220 1/4W</value>
      <datasheet>~</datasheet>
      <description>Resistor, US symbol</description>
      <fields>
        <field name="Footprint"/>
        <field name="Datasheet">~</field>
        <field name="Description">Resistor, US symbol</field>
      </fields>
      <libsource lib="Device" part="R_US" description="Resistor, US symbol"/>
      <property name="Sheetname" value="Root"/>
      <property name="Sheetfile" value="Subsystemschematic.kicad_sch"/>
      <property name="ki_keywords" value="R res resistor"/>
      <property name="ki_fp_filters" value="R_*"/>
      <sheetpath names="/" tstamps="/"/>
      <tstamps>56aeb387-66fd-4854-ad9d-18b626d67dc2</tstamps>
    </comp>
    <comp ref="R5">
      <value>5K 1/4W</value>
      <datasheet>~</datasheet>
      <description>Resistor, US symbol</description>
      <fields>
        <field name="Footprint"/>
        <field name="Datasheet">~</field>
        <field name="Description">Resistor, US symbol</field>
      </fields>
      <libsource lib="Device" part="R_US" description="Resistor, US symbol"/>
      <property name="Sheetname" value="Root"/>
      <property name="Sheetfile" value="Subsystemschematic.kicad_sch"/>
      <property name="ki_keywords" value="R res resistor"/>
      <property name="ki_fp_filters" value="R_*"/>
      <sheetpath names="/" tstamps="/"/>
      <tstamps>363a610c-e4d8-4cf9-9085-57c3733c7a00</tstamps>
    </comp>
    <comp ref="R6">
      <value>5K 1/4W</value>
      <datasheet>~</datasheet>
      <description>Resistor, US symbol</description>
      <fields>
        <field name="Footprint"/>
        <field name="Datasheet">~</field>
        <field name="Description">Resistor, US symbol</field>
      </fields>
      <libsource lib="Device" part="R_US" description="Resistor, US symbol"/>
      <property name="Sheetname" value="Root"/>
      <property name="Sheetfile" value="Subsystemschematic.kicad_sch"/>
      <property name="ki_keywords" value="R res resistor"/>
      <property name="ki_fp_filters" value="R_*"/>
      <sheetpath names="/" tstamps="/"/>
      <tstamps>44efa27c-5b3b-43ac-b8e5-74766ba432f9</tstamps>
    </comp>
    <comp ref="R7">
      <value>15K 1/4W</value>
      <datasheet>~</datasheet>
      <description>Resistor, US symbol</description>
      <fields>
        <field name="Footprint"/>
        <field name="Datasheet">~</field>
        <field name="Description">Resistor, US symbol</field>
      </fields>
      <libsource lib="Device" part="R_US" description="Resistor, US symbol"/>
      <property name="Sheetname" value="Root"/>
      <property name="Sheetfile" value="Subsystemschematic.kicad_sch"/>
      <property name="ki_keywords" value="R res resistor"/>
      <property name="ki_fp_filters" value="R_*"/>
      <sheetpath names="/" tstamps="/"/>
      <tstamps>995d1be4-5f18-4950-b2be-1fbf96505466</tstamps>
    </comp>
    <comp ref="SW1">
      <value>Debug</value>
      <datasheet>~</datasheet>
      <description>Push button switch, generic, two pins</description>
      <fields>
        <field name="Footprint"/>
        <field name="Datasheet">~</field>
        <field name="Description">Push button switch, generic, two pins</field>
      </fields>
      <libsource lib="Switch" part="SW_Push" description="Push button switch, generic, two pins"/>
      <property name="Sheetname" value="Root"/>
      <property name="Sheetfile" value="Subsystemschematic.kicad_sch"/>
      <property name="ki_keywords" value="switch normally-open pushbutton push-button"/>
      <sheetpath names="/" tstamps="/"/>
      <tstamps>86560de0-3c47-4a9a-937c-50c709c0efc3</tstamps>
    </comp>
    <comp ref="TP1">
      <value>TestPoint</value>
      <datasheet>~</datasheet>
      <description>test point</description>
      <fields>
        <field name="Footprint"/>
        <field name="Datasheet">~</field>
        <field name="Description">test point</field>
      </fields>
      <libsource lib="Connector" part="TestPoint" description="test point"/>
      <property name="Sheetname" value="Root"/>
      <property name="Sheetfile" value="Subsystemschematic.kicad_sch"/>
      <property name="ki_keywords" value="test point tp"/>
      <property name="ki_fp_filters" value="Pin* Test*"/>
      <sheetpath names="/" tstamps="/"/>
      <tstamps>415a642c-98eb-4de4-9cf6-ac70b61a5cef</tstamps>
    </comp>
    <comp ref="TP2">
      <value>TestPoint</value>
      <datasheet>~</datasheet>
      <description>test point</description>
      <fields>
        <field name="Footprint"/>
        <field name="Datasheet">~</field>
        <field name="Description">test point</field>
      </fields>
      <libsource lib="Connector" part="TestPoint" description="test point"/>
      <property name="Sheetname" value="Root"/>
      <property name="Sheetfile" value="Subsystemschematic.kicad_sch"/>
      <property name="ki_keywords" value="test point tp"/>
      <property name="ki_fp_filters" value="Pin* Test*"/>
      <sheetpath names="/" tstamps="/"/>
      <tstamps>cb77bdf8-d462-476a-8ca4-bb6466b03910</tstamps>
    </comp>
    <comp ref="TP3">
      <value>TestPoint</value>
      <datasheet>~</datasheet>
      <description>test point</description>
      <fields>
        <field name="Footprint"/>
        <field name="Datasheet">~</field>
        <field name="Description">test point</field>
      </fields>
      <libsource lib="Connector" part="TestPoint" description="test point"/>
      <property name="Sheetname" value="Root"/>
      <property name="Sheetfile" value="Subsystemschematic.kicad_sch"/>
      <property name="ki_keywords" value="test point tp"/>
      <property name="ki_fp_filters" value="Pin* Test*"/>
      <sheetpath names="/" tstamps="/"/>
      <tstamps>bee89b24-b1b0-4788-91a2-8af7f2342882</tstamps>
    </comp>
    <comp ref="TP4">
      <value>TestPoint</value>
      <datasheet>~</datasheet>
      <description>test point</description>
      <fields>
        <field name="Footprint"/>
        <field name="Datasheet">~</field>
        <field name="Description">test point</field>
      </fields>
      <libsource lib="Connector" part="TestPoint" description="test point"/>
      <property name="Sheetname" value="Root"/>
      <property name="Sheetfile" value="Subsystemschematic.kicad_sch"/>
      <property name="ki_keywords" value="test point tp"/>
      <property name="ki_fp_filters" value="Pin* Test*"/>
      <sheetpath names="/" tstamps="/"/>
      <tstamps>17b6d685-9af4-442c-953e-2f4af5fcd464</tstamps>
    </comp>
    <comp ref="TP5">
      <value>TestPoint</value>
      <datasheet>~</datasheet>
      <description>test point</description>
      <fields>
        <field name="Footprint"/>
        <field name="Datasheet">~</field>
        <field name="Description">test point</field>
      </fields>
      <libsource lib="Connector" part="TestPoint" description="test point"/>
      <property name="Sheetname" value="Root"/>
      <property name="Sheetfile" value="Subsystemschematic.kicad_sch"/>
      <property name="ki_keywords" value="test point tp"/>
      <property name="ki_fp_filters" value="Pin* Test*"/>
      <sheetpath names="/" tstamps="/"/>
      <tstamps>f84a9947-4bbb-4775-aa46-2332d43757e7</tstamps>
    </comp>
    <comp ref="TP6">
      <value>TestPoint</value>
      <datasheet>~</datasheet>
      <description>test point</description>
      <fields>
        <field name="Footprint"/>
        <field name="Datasheet">~</field>
        <field name="Description">test point</field>
      </fields>
      <libsource lib="Connector" part="TestPoint" description="test point"/>
      <property name="Sheetname" value="Root"/>
      <property name="Sheetfile" value="Subsystemschematic.kicad_sch"/>
      <property name="ki_keywords" value="test point tp"/>
      <property name="ki_fp_filters" value="Pin* Test*"/>
      <sheetpath names="/" tstamps="/"/>
      <tstamps>cf0dfeff-e899-41bd-97c1-72ce4ed30034</tstamps>
    </comp>
    <comp ref="TP7">
      <value>TestPoint</value>
      <datasheet>~</datasheet>
      <description>test point</description>
      <fields>
        <field name="Footprint"/>
        <field name="Datasheet">~</field>
        <field name="Description">test point</field>
      </fields>
      <libsource lib="Connector" part="TestPoint" description="test point"/>
      <property name="Sheetname" value="Root"/>
      <property name="Sheetfile" value="Subsystemschematic.kicad_sch"/>
      <property name="ki_keywords" value="test point tp"/>
      <property name="ki_fp_filters" value="Pin* Test*"/>
      <sheetpath names="/" tstamps="/"/>
      <tstamps>c058e53b-3d45-4ea0-980d-26bcc1269ea0</tstamps>
    </comp>
    <comp ref="TP8">
      <value>TestPoint</value>
      <datasheet>~</datasheet>
      <description>test point</description>
      <fields>
        <field name="Footprint"/>
        <field name="Datasheet">~</field>
        <field name="Description">test point</field>
      </fields>
      <libsource lib="Connector" part="TestPoint" description="test point"/>
      <property name="Sheetname" value="Root"/>
      <property name="Sheetfile" value="Subsystemschematic.kicad_sch"/>
      <property name="ki_keywords" value="test point tp"/>
      <property name="ki_fp_filters" value="Pin* Test*"/>
      <sheetpath names="/" tstamps="/"/>
      <tstamps>624127f7-1c77-48d6-8b53-32b0cefaab69</tstamps>
    </comp>
    <comp ref="TP9">
      <value>TestPoint</value>
      <datasheet>~</datasheet>
      <description>test point</description>
      <fields>
        <field name="Footprint"/>
        <field name="Datasheet">~</field>
        <field name="Description">test point</field>
      </fields>
      <libsource lib="Connector" part="TestPoint" description="test point"/>
      <property name="Sheetname" value="Root"/>
      <property name="Sheetfile" value="Subsystemschematic.kicad_sch"/>
      <property name="ki_keywords" value="test point tp"/>
      <property name="ki_fp_filters" value="Pin* Test*"/>
      <sheetpath names="/" tstamps="/"/>
      <tstamps>350be061-f92a-4cab-a203-55ed6694cfeb</tstamps>
    </comp>
    <comp ref="TP10">
      <value>TestPoint</value>
      <datasheet>~</datasheet>
      <description>test point</description>
      <fields>
        <field name="Footprint"/>
        <field name="Datasheet">~</field>
        <field name="Description">test point</field>
      </fields>
      <libsource lib="Connector" part="TestPoint" description="test point"/>
      <property name="Sheetname" value="Root"/>
      <property name="Sheetfile" value="Subsystemschematic.kicad_sch"/>
      <property name="ki_keywords" value="test point tp"/>
      <property name="ki_fp_filters" value="Pin* Test*"/>
      <sheetpath names="/" tstamps="/"/>
      <tstamps>57694e10-1bad-4b26-83b5-74b25398174d</tstamps>
    </comp>
    <comp ref="TP11">
      <value>TestPoint</value>
      <datasheet>~</datasheet>
      <description>test point</description>
      <fields>
        <field name="Footprint"/>
        <field name="Datasheet">~</field>
        <field name="Description">test point</field>
      </fields>
      <libsource lib="Connector" part="TestPoint" description="test point"/>
      <property name="Sheetname" value="Root"/>
      <property name="Sheetfile" value="Subsystemschematic.kicad_sch"/>
      <property name="ki_keywords" value="test point tp"/>
      <property name="ki_fp_filters" value="Pin* Test*"/>
      <sheetpath names="/" tstamps="/"/>
      <tstamps>f3b34498-8916-43f4-b9cd-8eabf74d8f3c</tstamps>
    </comp>
    <comp ref="TP12">
      <value>TestPoint</value>
      <datasheet>~</datasheet>
      <description>test point</description>
      <fields>
        <field name="Footprint"/>
        <field name="Datasheet">~</field>
        <field name="Description">test point</field>
      </fields>
      <libsource lib="Connector" part="TestPoint" description="test point"/>
      <property name="Sheetname" value="Root"/>
      <property name="Sheetfile" value="Subsystemschematic.kicad_sch"/>
      <property name="ki_keywords" value="test point tp"/>
      <property name="ki_fp_filters" value="Pin* Test*"/>
      <sheetpath names="/" tstamps="/"/>
      <tstamps>7ebd4cfd-8fb0-47a8-b32c-df14cce9417c</tstamps>
    </comp>
    <comp ref="U1">
      <value>PIC18F57Q10_JAA</value>
      <fields>
        <field name="Footprint"/>
        <field name="Datasheet"/>
        <field name="Description"/>
      </fields>
      <libsource lib="Voltage regulator symbol" part="PIC18F57Q10" description=""/>
      <property name="Sheetname" value="Root"/>
      <property name="Sheetfile" value="Subsystemschematic.kicad_sch"/>
      <sheetpath names="/" tstamps="/"/>
      <tstamps>b18d4652-6ce0-4928-a7a4-656c6e96d89c</tstamps>
    </comp>
    <comp ref="U2">
      <value>ENV-30-PH_JAA</value>
      <fields>
        <field name="Footprint"/>
        <field name="Datasheet"/>
        <field name="Description"/>
      </fields>
      <libsource lib="Voltage regulator symbol" part="ENV-30-PH_JAA" description=""/>
      <property name="Sheetname" value="Root"/>
      <property name="Sheetfile" value="Subsystemschematic.kicad_sch"/>
      <sheetpath names="/" tstamps="/"/>
      <tstamps>237dde86-f158-4691-8878-13626e2dccc1</tstamps>
    </comp>
    <comp ref="U3">
      <value>LM1084IT-5.0/NOPB_JAA</value>
      <fields>
        <field name="Footprint"/>
        <field name="Datasheet"/>
        <field name="Description"/>
      </fields>
      <libsource lib="Voltage regulator symbol" part="LM1084IT-5.0/NOPB_JAA" description=""/>
      <property name="Sheetname" value="Root"/>
      <property name="Sheetfile" value="Subsystemschematic.kicad_sch"/>
      <sheetpath names="/" tstamps="/"/>
      <tstamps>db6bb91f-5220-4c0e-80e8-df0b9bd1f8a8</tstamps>
    </comp>
    <comp ref="U4">
      <value>MCP601-I/P_JAA</value>
      <fields>
        <field name="Footprint"/>
        <field name="Datasheet"/>
        <field name="Description"/>
      </fields>
      <libsource lib="Voltage regulator symbol" part="MCP601-I/P_JAA" description=""/>
      <property name="Sheetname" value="Root"/>
      <property name="Sheetfile" value="Subsystemschematic.kicad_sch"/>
      <sheetpath names="/" tstamps="/"/>
      <tstamps>db8a3a88-ccd5-452b-947e-9ca65ac68b50</tstamps>
    </comp>
  </components>
  <libparts>
    <libpart lib="Connector" part="TestPoint">
      <description>test point</description>
      <docs>~</docs>
      <footprints>
        <fp>Pin*</fp>
        <fp>Test*</fp>
      </footprints>
      <fields>
        <field name="Reference">TP</field>
        <field name="Value">TestPoint</field>
        <field name="Footprint"/>
        <field name="Datasheet">~</field>
        <field name="Description">test point</field>
      </fields>
      <pins>
        <pin num="1" name="1" type="passive"/>
      </pins>
    </libpart>
    <libpart lib="Device" part="Battery_Cell">
      <description>Single-cell battery</description>
      <docs>~</docs>
      <fields>
        <field name="Reference">BT</field>
        <field name="Value">Battery_Cell</field>
        <field name="Footprint"/>
        <field name="Datasheet">~</field>
        <field name="Description">Single-cell battery</field>
      </fields>
      <pins>
        <pin num="1" name="+" type="passive"/>
        <pin num="2" name="-" type="passive"/>
      </pins>
    </libpart>
    <libpart lib="Device" part="C_US">
      <description>capacitor, US symbol</description>
      <footprints>
        <fp>C_*</fp>
      </footprints>
      <fields>
        <field name="Reference">C</field>
        <field name="Value">C_US</field>
        <field name="Footprint"/>
        <field name="Datasheet"/>
        <field name="Description">capacitor, US symbol</field>
      </fields>
      <pins>
        <pin num="1" name="" type="passive"/>
        <pin num="2" name="" type="passive"/>
      </pins>
    </libpart>
    <libpart lib="Device" part="Fuse">
      <description>Fuse</description>
      <docs>~</docs>
      <footprints>
        <fp>*Fuse*</fp>
      </footprints>
      <fields>
        <field name="Reference">F</field>
        <field name="Value">Fuse</field>
        <field name="Footprint"/>
        <field name="Datasheet">~</field>
        <field name="Description">Fuse</field>
      </fields>
      <pins>
        <pin num="1" name="" type="passive"/>
        <pin num="2" name="" type="passive"/>
      </pins>
    </libpart>
    <libpart lib="Device" part="LED">
      <description>Light emitting diode</description>
      <docs>~</docs>
      <footprints>
        <fp>LED*</fp>
        <fp>LED_SMD:*</fp>
        <fp>LED_THT:*</fp>
      </footprints>
      <fields>
        <field name="Reference">D</field>
        <field name="Value">LED</field>
        <field name="Footprint"/>
        <field name="Datasheet">~</field>
        <field name="Description">Light emitting diode</field>
        <field name="Sim.Pins">1=K 2=A</field>
      </fields>
      <pins>
        <pin num="1" name="K" type="passive"/>
        <pin num="2" name="A" type="passive"/>
      </pins>
    </libpart>
    <libpart lib="Device" part="R_US">
      <description>Resistor, US symbol</description>
      <docs>~</docs>
      <footprints>
        <fp>R_*</fp>
      </footprints>
      <fields>
        <field name="Reference">R</field>
        <field name="Value">R_US</field>
        <field name="Footprint"/>
        <field name="Datasheet">~</field>
        <field name="Description">Resistor, US symbol</field>
      </fields>
      <pins>
        <pin num="1" name="" type="passive"/>
        <pin num="2" name="" type="passive"/>
      </pins>
    </libpart>
    <libpart lib="Switch" part="SW_Push">
      <description>Push button switch, generic, two pins</description>
      <docs>~</docs>
      <fields>
        <field name="Reference">SW</field>
        <field name="Value">SW_Push</field>
        <field name="Footprint"/>
        <field name="Datasheet">~</field>
        <field name="Description">Push button switch, generic, two pins</field>
      </fields>
      <pins>
        <pin num="1" name="1" type="passive"/>
        <pin num="2" name="2" type="passive"/>
      </pins>
    </libpart>
    <libpart lib="Voltage regulator symbol" part="Conn_01x08_JAA">
      <fields>
        <field name="Reference">J2</field>
        <field name="Value"/>
        <field name="Footprint"/>
        <field name="Datasheet"/>
        <field name="Description"/>
      </fields>
      <pins>
        <pin num="1" name="1" type="bidirectional"/>
        <pin num="2" name="2" type="bidirectional"/>
        <pin num="3" name="3" type="bidirectional"/>
        <pin num="4" name="4" type="bidirectional"/>
        <pin num="5" name="5" type="bidirectional"/>
        <pin num="6" name="6" type="bidirectional"/>
        <pin num="7" name="7" type="power_in"/>
        <pin num="8" name="8" type="power_in"/>
      </pins>
    </libpart>
    <libpart lib="Voltage regulator symbol" part="ENV-30-PH_JAA">
      <fields>
        <field name="Reference">U3</field>
        <field name="Value"/>
        <field name="Footprint"/>
        <field name="Datasheet"/>
        <field name="Description"/>
      </fields>
      <pins>
        <pin num="1" name="Coax_cable" type="output"/>
      </pins>
    </libpart>
    <libpart lib="Voltage regulator symbol" part="LM1084IT-5.0/NOPB_JAA">
      <fields>
        <field name="Reference">U</field>
        <field name="Value">LM1084IT-5.0/NOPB_JAA</field>
        <field name="Footprint"/>
        <field name="Datasheet"/>
        <field name="Description"/>
      </fields>
      <pins>
        <pin num="1" name="ground" type="power_in"/>
        <pin num="2" name="output" type="power_out"/>
        <pin num="3" name="input" type="power_out"/>
      </pins>
    </libpart>
    <libpart lib="Voltage regulator symbol" part="MCP601-I/P_JAA">
      <fields>
        <field name="Reference">U2</field>
        <field name="Value"/>
        <field name="Footprint"/>
        <field name="Datasheet"/>
        <field name="Description"/>
      </fields>
      <pins>
        <pin num="1" name="NC" type="no_connect"/>
        <pin num="2" name="Vin-" type="input"/>
        <pin num="3" name="Vin+" type="input"/>
        <pin num="4" name="VSS" type="power_in"/>
        <pin num="5" name="NC" type="no_connect"/>
        <pin num="6" name="Vout" type="output"/>
        <pin num="7" name="VDD" type="power_in"/>
        <pin num="8" name="NC" type="no_connect"/>
      </pins>
    </libpart>
    <libpart lib="Voltage regulator symbol" part="PIC18F57Q10">
      <fields>
        <field name="Reference">U2</field>
        <field name="Value">PIC18F57Q10_JAA</field>
        <field name="Footprint"/>
        <field name="Datasheet"/>
        <field name="Description"/>
      </fields>
      <pins>
        <pin num="1" name="NC" type="bidirectional"/>
        <pin num="2" name="ID" type="bidirectional"/>
        <pin num="3" name="UART_TX" type="bidirectional"/>
        <pin num="4" name="UART_RX" type="bidirectional"/>
        <pin num="5" name="DBG1" type="bidirectional"/>
        <pin num="6" name="DBG2" type="bidirectional"/>
        <pin num="7" name="RC2" type="bidirectional"/>
        <pin num="8" name="RC3" type="bidirectional"/>
        <pin num="9" name="RB2" type="bidirectional"/>
        <pin num="10" name="RB1" type="bidirectional"/>
        <pin num="11" name="RC4" type="bidirectional"/>
        <pin num="12" name="RC5" type="bidirectional"/>
        <pin num="13" name="RC6" type="bidirectional"/>
        <pin num="14" name="RD4" type="bidirectional"/>
        <pin num="15" name="GND" type="input"/>
        <pin num="16" name="RA3" type="bidirectional"/>
        <pin num="17" name="RA4" type="bidirectional"/>
        <pin num="18" name="RE2" type="bidirectional"/>
        <pin num="19" name="RC7" type="bidirectional"/>
        <pin num="20" name="RD0" type="bidirectional"/>
        <pin num="21" name="RD1" type="bidirectional"/>
        <pin num="22" name="RD2" type="bidirectional"/>
        <pin num="23" name="RD3" type="bidirectional"/>
        <pin num="24" name="GND" type="input"/>
        <pin num="25" name="RF0" type="bidirectional"/>
        <pin num="26" name="RF1" type="bidirectional"/>
        <pin num="27" name="RF2" type="bidirectional"/>
        <pin num="28" name="RF3" type="bidirectional"/>
        <pin num="29" name="RC0" type="bidirectional"/>
        <pin num="30" name="RC1" type="bidirectional"/>
        <pin num="31" name="RE0" type="bidirectional"/>
        <pin num="32" name="RE1" type="bidirectional"/>
        <pin num="33" name="GND" type="input"/>
        <pin num="34" name="RF4" type="bidirectional"/>
        <pin num="35" name="RF5" type="bidirectional"/>
        <pin num="36" name="RF6" type="bidirectional"/>
        <pin num="37" name="RF7" type="bidirectional"/>
        <pin num="38" name="RB5" type="bidirectional"/>
        <pin num="39" name="RD5" type="bidirectional"/>
        <pin num="40" name="RD6" type="bidirectional"/>
        <pin num="41" name="RD7" type="bidirectional"/>
        <pin num="42" name="GND" type="input"/>
        <pin num="43" name="RA0" type="bidirectional"/>
        <pin num="44" name="RA1" type="bidirectional"/>
        <pin num="45" name="RA2" type="bidirectional"/>
        <pin num="46" name="RB0" type="bidirectional"/>
        <pin num="47" name="RB3" type="bidirectional"/>
        <pin num="48" name="RA5" type="bidirectional"/>
        <pin num="49" name="RA6" type="bidirectional"/>
        <pin num="50" name="RA7" type="bidirectional"/>
        <pin num="51" name="VTG" type="power_in"/>
        <pin num="52" name="GND" type="input"/>
        <pin num="53" name="DBG0" type="bidirectional"/>
        <pin num="54" name="DBG3" type="bidirectional"/>
        <pin num="55" name="VOFF" type="bidirectional"/>
        <pin num="56" name="VBUS" type="power_in"/>
      </pins>
    </libpart>
  </libparts>
  <libraries>
    <library logical="Connector">
      <uri>C:\Program Files\KiCad\9.0\share\kicad\symbols\/Connector.kicad_sym</uri>
    </library>
    <library logical="Device">
      <uri>C:\Program Files\KiCad\9.0\share\kicad\symbols\/Device.kicad_sym</uri>
    </library>
    <library logical="Switch">
      <uri>C:\Program Files\KiCad\9.0\share\kicad\symbols\/Switch.kicad_sym</uri>
    </library>
    <library logical="Voltage regulator symbol">
      <uri>C:/Users/User/OneDrive - Arizona State University/Documents/KiCad/Power Supply Design/Voltage regulator symbol.kicad_sym</uri>
    </library>
  </libraries>
  <nets>
    <net code="1" name="+5V" class="Default">
      <node ref="C2" pin="1" pintype="passive"/>
      <node ref="J1" pin="7" pinfunction="7" pintype="power_in"/>
      <node ref="J2" pin="7" pinfunction="7" pintype="power_in"/>
      <node ref="R1" pin="2" pintype="passive"/>
      <node ref="TP3" pin="1" pinfunction="1" pintype="passive"/>
      <node ref="TP6" pin="1" pinfunction="1" pintype="passive"/>
      <node ref="U1" pin="51" pinfunction="VTG" pintype="power_in"/>
      <node ref="U3" pin="2" pinfunction="output" pintype="power_out"/>
      <node ref="U4" pin="7" pinfunction="VDD" pintype="power_in"/>
    </net>
    <net code="2" name="/RA0" class="Default">
      <node ref="R7" pin="2" pintype="passive"/>
      <node ref="TP5" pin="1" pinfunction="1" pintype="passive"/>
      <node ref="U1" pin="43" pinfunction="RA0" pintype="bidirectional"/>
      <node ref="U4" pin="6" pinfunction="Vout" pintype="output"/>
    </net>
    <net code="3" name="/RB1" class="Default">
      <node ref="R2" pin="1" pintype="passive"/>
      <node ref="U1" pin="10" pinfunction="RB1" pintype="bidirectional"/>
    </net>
    <net code="4" name="/RB3" class="Default">
      <node ref="R4" pin="1" pintype="passive"/>
      <node ref="U1" pin="47" pinfunction="RB3" pintype="bidirectional"/>
    </net>
    <net code="5" name="/RF0" class="Default">
      <node ref="D4" pin="2" pinfunction="A" pintype="passive"/>
      <node ref="D5" pin="2" pinfunction="A" pintype="passive"/>
      <node ref="TP11" pin="1" pinfunction="1" pintype="passive"/>
      <node ref="TP9" pin="1" pinfunction="1" pintype="passive"/>
      <node ref="U1" pin="3" pinfunction="UART_TX" pintype="bidirectional"/>
    </net>
    <net code="6" name="/RF1" class="Default">
      <node ref="D3" pin="1" pinfunction="K" pintype="passive"/>
      <node ref="D6" pin="1" pinfunction="K" pintype="passive"/>
      <node ref="U1" pin="4" pinfunction="UART_RX" pintype="bidirectional"/>
    </net>
    <net code="7" name="GNDREF" class="Default">
      <node ref="BT1" pin="2" pinfunction="-" pintype="passive"/>
      <node ref="C1" pin="2" pintype="passive"/>
      <node ref="C2" pin="2" pintype="passive"/>
      <node ref="D1" pin="1" pinfunction="K" pintype="passive"/>
      <node ref="D2" pin="1" pinfunction="K" pintype="passive"/>
      <node ref="J1" pin="8" pinfunction="8" pintype="power_in"/>
      <node ref="J2" pin="8" pinfunction="8" pintype="power_in"/>
      <node ref="R5" pin="2" pintype="passive"/>
      <node ref="R6" pin="1" pintype="passive"/>
      <node ref="SW1" pin="1" pinfunction="1" pintype="passive"/>
      <node ref="TP2" pin="1" pinfunction="1" pintype="passive"/>
      <node ref="U1" pin="15" pinfunction="GND" pintype="input"/>
      <node ref="U1" pin="24" pinfunction="GND" pintype="input"/>
      <node ref="U1" pin="33" pinfunction="GND" pintype="input"/>
      <node ref="U1" pin="42" pinfunction="GND" pintype="input"/>
      <node ref="U1" pin="52" pinfunction="GND" pintype="input"/>
      <node ref="U1" pin="55" pinfunction="VOFF" pintype="bidirectional"/>
      <node ref="U3" pin="1" pinfunction="ground" pintype="power_in"/>
      <node ref="U4" pin="4" pinfunction="VSS" pintype="power_in"/>
    </net>
    <net code="8" name="Net-(BT1-+)" class="Default">
      <node ref="BT1" pin="1" pinfunction="+" pintype="passive"/>
      <node ref="F1" pin="2" pintype="passive"/>
    </net>
    <net code="9" name="Net-(D1-A)" class="Default">
      <node ref="D1" pin="2" pinfunction="A" pintype="passive"/>
      <node ref="R2" pin="2" pintype="passive"/>
      <node ref="TP7" pin="1" pinfunction="1" pintype="passive"/>
    </net>
    <net code="10" name="Net-(D2-A)" class="Default">
      <node ref="D2" pin="2" pinfunction="A" pintype="passive"/>
      <node ref="R4" pin="2" pintype="passive"/>
      <node ref="TP8" pin="1" pinfunction="1" pintype="passive"/>
    </net>
    <net code="11" name="Net-(D3-A)" class="Default">
      <node ref="D3" pin="2" pinfunction="A" pintype="passive"/>
      <node ref="J1" pin="2" pinfunction="2" pintype="bidirectional"/>
      <node ref="TP10" pin="1" pinfunction="1" pintype="passive"/>
    </net>
    <net code="12" name="Net-(D4-K)" class="Default">
      <node ref="D4" pin="1" pinfunction="K" pintype="passive"/>
      <node ref="J1" pin="1" pinfunction="1" pintype="bidirectional"/>
    </net>
    <net code="13" name="Net-(D5-K)" class="Default">
      <node ref="D5" pin="1" pinfunction="K" pintype="passive"/>
      <node ref="J2" pin="1" pinfunction="1" pintype="bidirectional"/>
    </net>
    <net code="14" name="Net-(D6-A)" class="Default">
      <node ref="D6" pin="2" pinfunction="A" pintype="passive"/>
      <node ref="J2" pin="2" pinfunction="2" pintype="bidirectional"/>
      <node ref="TP12" pin="1" pinfunction="1" pintype="passive"/>
    </net>
    <net code="15" name="Net-(U1-RC4)" class="Default">
      <node ref="R1" pin="1" pintype="passive"/>
      <node ref="SW1" pin="2" pinfunction="2" pintype="passive"/>
      <node ref="U1" pin="11" pinfunction="RC4" pintype="bidirectional"/>
    </net>
    <net code="16" name="Net-(U2-Coax_cable)" class="Default">
      <node ref="R5" pin="1" pintype="passive"/>
      <node ref="TP4" pin="1" pinfunction="1" pintype="passive"/>
      <node ref="U2" pin="1" pinfunction="Coax_cable" pintype="output"/>
      <node ref="U4" pin="3" pinfunction="Vin+" pintype="input"/>
    </net>
    <net code="17" name="Net-(U3-input)" class="Default">
      <node ref="C1" pin="1" pintype="passive"/>
      <node ref="F1" pin="1" pintype="passive"/>
      <node ref="TP1" pin="1" pinfunction="1" pintype="passive"/>
      <node ref="U3" pin="3" pinfunction="input" pintype="power_out"/>
    </net>
    <net code="18" name="Net-(U4-Vin-)" class="Default">
      <node ref="R6" pin="2" pintype="passive"/>
      <node ref="R7" pin="1" pintype="passive"/>
      <node ref="U4" pin="2" pinfunction="Vin-" pintype="input"/>
    </net>
    <net code="19" name="unconnected-(J1-Pad3)" class="Default">
      <node ref="J1" pin="3" pinfunction="3" pintype="bidirectional+no_connect"/>
    </net>
    <net code="20" name="unconnected-(J1-Pad4)" class="Default">
      <node ref="J1" pin="4" pinfunction="4" pintype="bidirectional+no_connect"/>
    </net>
    <net code="21" name="unconnected-(J1-Pad5)" class="Default">
      <node ref="J1" pin="5" pinfunction="5" pintype="bidirectional+no_connect"/>
    </net>
    <net code="22" name="unconnected-(J1-Pad6)" class="Default">
      <node ref="J1" pin="6" pinfunction="6" pintype="bidirectional+no_connect"/>
    </net>
    <net code="23" name="unconnected-(J2-Pad3)" class="Default">
      <node ref="J2" pin="3" pinfunction="3" pintype="bidirectional+no_connect"/>
    </net>
    <net code="24" name="unconnected-(J2-Pad4)" class="Default">
      <node ref="J2" pin="4" pinfunction="4" pintype="bidirectional+no_connect"/>
    </net>
    <net code="25" name="unconnected-(J2-Pad5)" class="Default">
      <node ref="J2" pin="5" pinfunction="5" pintype="bidirectional+no_connect"/>
    </net>
    <net code="26" name="unconnected-(J2-Pad6)" class="Default">
      <node ref="J2" pin="6" pinfunction="6" pintype="bidirectional+no_connect"/>
    </net>
    <net code="27" name="unconnected-(U1-DBG0-Pad53)" class="Default">
      <node ref="U1" pin="53" pinfunction="DBG0" pintype="bidirectional+no_connect"/>
    </net>
    <net code="28" name="unconnected-(U1-DBG1-Pad5)" class="Default">
      <node ref="U1" pin="5" pinfunction="DBG1" pintype="bidirectional+no_connect"/>
    </net>
    <net code="29" name="unconnected-(U1-DBG2-Pad6)" class="Default">
      <node ref="U1" pin="6" pinfunction="DBG2" pintype="bidirectional+no_connect"/>
    </net>
    <net code="30" name="unconnected-(U1-DBG3-Pad54)" class="Default">
      <node ref="U1" pin="54" pinfunction="DBG3" pintype="bidirectional+no_connect"/>
    </net>
    <net code="31" name="unconnected-(U1-ID-Pad2)" class="Default">
      <node ref="U1" pin="2" pinfunction="ID" pintype="bidirectional+no_connect"/>
    </net>
    <net code="32" name="unconnected-(U1-NC-Pad1)" class="Default">
      <node ref="U1" pin="1" pinfunction="NC" pintype="bidirectional+no_connect"/>
    </net>
    <net code="33" name="unconnected-(U1-RA1-Pad44)" class="Default">
      <node ref="U1" pin="44" pinfunction="RA1" pintype="bidirectional+no_connect"/>
    </net>
    <net code="34" name="unconnected-(U1-RA2-Pad45)" class="Default">
      <node ref="U1" pin="45" pinfunction="RA2" pintype="bidirectional+no_connect"/>
    </net>
    <net code="35" name="unconnected-(U1-RA3-Pad16)" class="Default">
      <node ref="U1" pin="16" pinfunction="RA3" pintype="bidirectional+no_connect"/>
    </net>
    <net code="36" name="unconnected-(U1-RA4-Pad17)" class="Default">
      <node ref="U1" pin="17" pinfunction="RA4" pintype="bidirectional+no_connect"/>
    </net>
    <net code="37" name="unconnected-(U1-RA5-Pad48)" class="Default">
      <node ref="U1" pin="48" pinfunction="RA5" pintype="bidirectional+no_connect"/>
    </net>
    <net code="38" name="unconnected-(U1-RA6-Pad49)" class="Default">
      <node ref="U1" pin="49" pinfunction="RA6" pintype="bidirectional+no_connect"/>
    </net>
    <net code="39" name="unconnected-(U1-RA7-Pad50)" class="Default">
      <node ref="U1" pin="50" pinfunction="RA7" pintype="bidirectional+no_connect"/>
    </net>
    <net code="40" name="unconnected-(U1-RB0-Pad46)" class="Default">
      <node ref="U1" pin="46" pinfunction="RB0" pintype="bidirectional+no_connect"/>
    </net>
    <net code="41" name="unconnected-(U1-RB2-Pad9)" class="Default">
      <node ref="U1" pin="9" pinfunction="RB2" pintype="bidirectional+no_connect"/>
    </net>
    <net code="42" name="unconnected-(U1-RB5-Pad38)" class="Default">
      <node ref="U1" pin="38" pinfunction="RB5" pintype="bidirectional+no_connect"/>
    </net>
    <net code="43" name="unconnected-(U1-RC0-Pad29)" class="Default">
      <node ref="U1" pin="29" pinfunction="RC0" pintype="bidirectional+no_connect"/>
    </net>
    <net code="44" name="unconnected-(U1-RC1-Pad30)" class="Default">
      <node ref="U1" pin="30" pinfunction="RC1" pintype="bidirectional+no_connect"/>
    </net>
    <net code="45" name="unconnected-(U1-RC2-Pad7)" class="Default">
      <node ref="U1" pin="7" pinfunction="RC2" pintype="bidirectional+no_connect"/>
    </net>
    <net code="46" name="unconnected-(U1-RC3-Pad8)" class="Default">
      <node ref="U1" pin="8" pinfunction="RC3" pintype="bidirectional+no_connect"/>
    </net>
    <net code="47" name="unconnected-(U1-RC5-Pad12)" class="Default">
      <node ref="U1" pin="12" pinfunction="RC5" pintype="bidirectional+no_connect"/>
    </net>
    <net code="48" name="unconnected-(U1-RC6-Pad13)" class="Default">
      <node ref="U1" pin="13" pinfunction="RC6" pintype="bidirectional+no_connect"/>
    </net>
    <net code="49" name="unconnected-(U1-RC7-Pad19)" class="Default">
      <node ref="U1" pin="19" pinfunction="RC7" pintype="bidirectional+no_connect"/>
    </net>
    <net code="50" name="unconnected-(U1-RD0-Pad20)" class="Default">
      <node ref="U1" pin="20" pinfunction="RD0" pintype="bidirectional+no_connect"/>
    </net>
    <net code="51" name="unconnected-(U1-RD1-Pad21)" class="Default">
      <node ref="U1" pin="21" pinfunction="RD1" pintype="bidirectional+no_connect"/>
    </net>
    <net code="52" name="unconnected-(U1-RD2-Pad22)" class="Default">
      <node ref="U1" pin="22" pinfunction="RD2" pintype="bidirectional+no_connect"/>
    </net>
    <net code="53" name="unconnected-(U1-RD3-Pad23)" class="Default">
      <node ref="U1" pin="23" pinfunction="RD3" pintype="bidirectional+no_connect"/>
    </net>
    <net code="54" name="unconnected-(U1-RD4-Pad14)" class="Default">
      <node ref="U1" pin="14" pinfunction="RD4" pintype="bidirectional+no_connect"/>
    </net>
    <net code="55" name="unconnected-(U1-RD5-Pad39)" class="Default">
      <node ref="U1" pin="39" pinfunction="RD5" pintype="bidirectional+no_connect"/>
    </net>
    <net code="56" name="unconnected-(U1-RD6-Pad40)" class="Default">
      <node ref="U1" pin="40" pinfunction="RD6" pintype="bidirectional+no_connect"/>
    </net>
    <net code="57" name="unconnected-(U1-RD7-Pad41)" class="Default">
      <node ref="U1" pin="41" pinfunction="RD7" pintype="bidirectional+no_connect"/>
    </net>
    <net code="58" name="unconnected-(U1-RE0-Pad31)" class="Default">
      <node ref="U1" pin="31" pinfunction="RE0" pintype="bidirectional+no_connect"/>
    </net>
    <net code="59" name="unconnected-(U1-RE1-Pad32)" class="Default">
      <node ref="U1" pin="32" pinfunction="RE1" pintype="bidirectional+no_connect"/>
    </net>
    <net code="60" name="unconnected-(U1-RE2-Pad18)" class="Default">
      <node ref="U1" pin="18" pinfunction="RE2" pintype="bidirectional+no_connect"/>
    </net>
    <net code="61" name="unconnected-(U1-RF0-Pad25)" class="Default">
      <node ref="U1" pin="25" pinfunction="RF0" pintype="bidirectional+no_connect"/>
    </net>
    <net code="62" name="unconnected-(U1-RF1-Pad26)" class="Default">
      <node ref="U1" pin="26" pinfunction="RF1" pintype="bidirectional+no_connect"/>
    </net>
    <net code="63" name="unconnected-(U1-RF2-Pad27)" class="Default">
      <node ref="U1" pin="27" pinfunction="RF2" pintype="bidirectional+no_connect"/>
    </net>
    <net code="64" name="unconnected-(U1-RF3-Pad28)" class="Default">
      <node ref="U1" pin="28" pinfunction="RF3" pintype="bidirectional+no_connect"/>
    </net>
    <net code="65" name="unconnected-(U1-RF4-Pad34)" class="Default">
      <node ref="U1" pin="34" pinfunction="RF4" pintype="bidirectional+no_connect"/>
    </net>
    <net code="66" name="unconnected-(U1-RF5-Pad35)" class="Default">
      <node ref="U1" pin="35" pinfunction="RF5" pintype="bidirectional+no_connect"/>
    </net>
    <net code="67" name="unconnected-(U1-RF6-Pad36)" class="Default">
      <node ref="U1" pin="36" pinfunction="RF6" pintype="bidirectional+no_connect"/>
    </net>
    <net code="68" name="unconnected-(U1-RF7-Pad37)" class="Default">
      <node ref="U1" pin="37" pinfunction="RF7" pintype="bidirectional+no_connect"/>
    </net>
    <net code="69" name="unconnected-(U1-VBUS-Pad56)" class="Default">
      <node ref="U1" pin="56" pinfunction="VBUS" pintype="power_in+no_connect"/>
    </net>
    <net code="70" name="unconnected-(U4-NC-Pad1)" class="Default">
      <node ref="U4" pin="1" pinfunction="NC" pintype="no_connect"/>
    </net>
    <net code="71" name="unconnected-(U4-NC-Pad5)" class="Default">
      <node ref="U4" pin="5" pinfunction="NC" pintype="no_connect"/>
    </net>
    <net code="72" name="unconnected-(U4-NC-Pad8)" class="Default">
      <node ref="U4" pin="8" pinfunction="NC" pintype="no_connect"/>
    </net>
  </nets>
</export>
